GarageArea,OverallQual,OverallCond,KitchenQual,BsmtExposure,BsmtFinType1,GarageFinish,GrLivArea_log,TotalBsmtSF_log,LotArea_log
730.0,5,6,2,1,3,1,6.799055862058796,6.78332520060396,9.360741172643708
312.0,6,6,3,1,5,1,7.1929342212158,7.1929342212158,9.565774546478782
482.0,5,5,2,1,6,3,7.396335293800808,6.834108738813838,9.534667728624708
470.0,6,6,3,1,6,3,7.380879035564116,6.831953565565855,9.208238163884312
