GarageArea,OverallQual,OverallCond,KitchenQual,BsmtExposure,BsmtFinType1,GarageFinish,GrLivArea_log,TotalBsmtSF_log,LotArea_log
1.20246459787508,-0.8204445578548297,0.37221730085603477,2,1,3,1,-1.456576006429491,0.018363146182116086,0.4614190808283094
-0.7785312308453708,-0.08893368489724114,0.37221730085603477,3,1,5,1,-0.2580716607789788,0.38479688588065114,0.8583327979931737
0.027136929160554157,-0.8204445578548297,-0.5241740546075712,2,1,6,3,0.36084294505225,0.06379379073572707,0.7981146858259208
-0.0297337644869229,-0.08893368489724114,0.37221730085603477,3,1,6,3,0.3138122000683962,0.061865785850050745,0.16619623513584222
